day,hour,y_hat,y
2008-09-30,0.0,14443.283,14260.0
2008-09-30,1.0,13574.018,13410.0
2008-09-30,2.0,13074.767,12818.0
2008-09-30,3.0,12799.025,12543.0
2008-09-30,4.0,12682.817,12348.0
2008-09-30,5.0,12902.474,12480.0
2008-09-30,6.0,13607.822,13164.0
2008-09-30,7.0,14921.51,14734.0
2008-09-30,8.0,15712.75,15478.0
2008-09-30,9.0,15963.391,15541.0
2008-09-30,10.0,16111.768,15803.0
2008-09-30,11.0,16238.326,16067.0
2008-09-30,12.0,16115.802,16228.0
2008-09-30,13.0,16024.052,16332.0
2008-09-30,14.0,16003.667,16417.0
2008-09-30,15.0,15933.926,16409.0
2008-09-30,16.0,15719.817,16251.0
2008-09-30,17.0,15803.683,16219.0
2008-09-30,18.0,15836.974,16072.0
2008-09-30,19.0,15857.818,15971.0
2008-09-30,20.0,15977.806,16509.0
2008-09-30,21.0,16011.239,16573.0
2008-09-30,22.0,15754.528,15772.0
2008-09-30,23.0,14921.111,14800.0
2008-10-01,0.0,13828.07,13659.0
2008-10-01,1.0,12956.499,12782.0
2008-10-01,2.0,12446.462,12384.0
2008-10-01,3.0,12144.331,11883.0
2008-10-01,4.0,12055.293,11823.0
2008-10-01,5.0,12211.196,12033.0
2008-10-01,6.0,12817.361,12733.0
2008-10-01,7.0,14002.693,14358.0
2008-10-01,8.0,14748.255,15137.0
2008-10-01,9.0,15089.04,15210.0
2008-10-01,10.0,15279.049,15360.0
2008-10-01,11.0,15423.589,15574.0
2008-10-01,12.0,15438.851,15521.0
2008-10-01,13.0,15402.506,15571.0
2008-10-01,14.0,15395.807,15622.0
2008-10-01,15.0,15260.264,15515.0
2008-10-01,16.0,15173.591,15256.0
2008-10-01,17.0,15165.012,15176.0
2008-10-01,18.0,15202.085,15135.0
2008-10-01,19.0,15103.947,15254.0
2008-10-01,20.0,15185.094,16053.0
2008-10-01,21.0,15366.73,16331.0
2008-10-01,22.0,15241.466,15774.0
2008-10-01,23.0,14433.642,14803.0
2008-10-02,0.0,13790.443,13671.0
2008-10-02,1.0,13056.288,12933.0
2008-10-02,2.0,12612.87,12548.0
2008-10-02,3.0,12391.21,12281.0
2008-10-02,4.0,12287.573,12140.0
2008-10-02,5.0,12500.701,12347.0
2008-10-02,6.0,13212.118,13183.0
2008-10-02,7.0,14473.732,14934.0
2008-10-02,8.0,15196.953,15858.0
2008-10-02,9.0,15479.25,15799.0
2008-10-02,10.0,15646.792,15885.0
2008-10-02,11.0,15743.276,16000.0
2008-10-02,12.0,15791.466,15982.0
2008-10-02,13.0,15832.956,15845.0
2008-10-02,14.0,15836.643,15776.0
2008-10-02,15.0,15773.931,15600.0
2008-10-02,16.0,15660.867,15489.0
2008-10-02,17.0,15741.636,15388.0
2008-10-02,18.0,15838.763,15329.0
2008-10-02,19.0,15924.462,15355.0
2008-10-02,20.0,16012.118,16113.0
2008-10-02,21.0,16129.567,16481.0
2008-10-02,22.0,15926.019,15906.0
2008-10-02,23.0,15075.063,14969.0
2008-10-03,0.0,13978.027,14082.0
2008-10-03,1.0,13185.73,13284.0
2008-10-03,2.0,12721.701,12890.0
2008-10-03,3.0,12501.588,12670.0
2008-10-03,4.0,12461.613,12618.0
2008-10-03,5.0,12657.344,12834.0
2008-10-03,6.0,13375.074,13630.0
2008-10-03,7.0,14756.576,15231.0
2008-10-03,8.0,15561.497,16245.0
2008-10-03,9.0,15669.677,16081.0
2008-10-03,10.0,15743.26,15959.0
2008-10-03,11.0,15743.557,15912.0
2008-10-03,12.0,15635.583,15732.0
2008-10-03,13.0,15521.538,15624.0
2008-10-03,14.0,15503.775,15661.0
2008-10-03,15.0,15306.163,15421.0
2008-10-03,16.0,15165.17,15300.0
2008-10-03,17.0,15178.928,15146.0
2008-10-03,18.0,15277.14,15039.0
2008-10-03,19.0,15301.965,14821.0
2008-10-03,20.0,15430.265,15349.0
2008-10-03,21.0,15627.617,15296.0
2008-10-03,22.0,15450.348,14937.0
2008-10-03,23.0,14621.978,14122.0
2008-10-04,0.0,13469.291,13193.0
2008-10-04,1.0,12670.163,12369.0
2008-10-04,2.0,12125.634,12056.0
2008-10-04,3.0,11970.638,11755.0
2008-10-04,4.0,11792.977,11704.0
2008-10-04,5.0,11965.446,11710.0
2008-10-04,6.0,12180.884,12145.0
2008-10-04,7.0,12832.682,12681.0
2008-10-04,8.0,13348.44,13442.0
2008-10-04,9.0,13888.26,13957.0
2008-10-04,10.0,14204.609,14329.0
2008-10-04,11.0,14249.659,14288.0
2008-10-04,12.0,14235.769,14261.0
2008-10-04,13.0,14092.079,14084.0
2008-10-04,14.0,13965.088,13975.0
2008-10-04,15.0,13817.819,13802.0
2008-10-04,16.0,13758.114,13779.0
2008-10-04,17.0,13802.647,13787.0
2008-10-04,18.0,14046.476,13811.0
2008-10-04,19.0,14170.653,13782.0
2008-10-04,20.0,14306.35,14331.0
2008-10-04,21.0,14505.683,14562.0
2008-10-04,22.0,14364.191,14262.0
2008-10-04,23.0,13768.653,13446.0
2008-10-05,0.0,12911.291,12763.0
2008-10-05,1.0,12180.07,11936.0
2008-10-05,2.0,11649.048,11585.0
2008-10-05,3.0,11441.111,11320.0
2008-10-05,4.0,11332.16,11376.0
2008-10-05,5.0,11310.32,11372.0
2008-10-05,6.0,11512.682,11637.0
2008-10-05,7.0,11839.506,11977.0
2008-10-05,8.0,12378.874,12540.0
2008-10-05,9.0,13028.921,13114.0
2008-10-05,10.0,13512.309,13400.0
2008-10-05,11.0,13684.169,13476.0
2008-10-05,12.0,13668.412,13474.0
2008-10-05,13.0,13691.0,13583.0
2008-10-05,14.0,13633.318,13555.0
2008-10-05,15.0,13591.086,13626.0
2008-10-05,16.0,13531.792,13640.0
2008-10-05,17.0,13592.5,13912.0
2008-10-05,18.0,13924.304,14012.0
2008-10-05,19.0,14006.024,14051.0
2008-10-05,20.0,14177.587,14809.0
2008-10-05,21.0,14474.807,14933.0
2008-10-05,22.0,14357.38,14370.0
2008-10-05,23.0,13704.143,13594.0
2008-10-06,0.0,13288.826,12803.0
2008-10-06,1.0,12553.877,12222.0
2008-10-06,2.0,12162.1,11955.0
2008-10-06,3.0,11955.592,11807.0
2008-10-06,4.0,11934.781,11834.0
2008-10-06,5.0,12127.158,12124.0
2008-10-06,6.0,12918.66,12891.0
2008-10-06,7.0,14450.411,14682.0
2008-10-06,8.0,15337.069,15735.0
2008-10-06,9.0,15466.416,15827.0
2008-10-06,10.0,15711.101,16000.0
2008-10-06,11.0,15940.3545,16068.0
2008-10-06,12.0,16038.2705,16172.0
2008-10-06,13.0,16179.478,16168.0
2008-10-06,14.0,16326.852,16312.0
2008-10-06,15.0,16262.86,16238.0
2008-10-06,16.0,16287.532,16114.0
2008-10-06,17.0,16267.459,16055.0
2008-10-06,18.0,16329.164,15980.0
2008-10-06,19.0,16239.323,15860.0
2008-10-06,20.0,16317.785,16626.0
2008-10-06,21.0,16509.1,16571.0
2008-10-06,22.0,16335.853,15960.0
2008-10-06,23.0,15329.034,14944.0
2008-10-07,0.0,13995.185,13885.0
2008-10-07,1.0,13125.182,12981.0
2008-10-07,2.0,12632.785,12604.0
2008-10-07,3.0,12367.491,12344.0
2008-10-07,4.0,12302.694,12227.0
2008-10-07,5.0,12489.374,12549.0
2008-10-07,6.0,13249.004,13286.0
2008-10-07,7.0,14684.908,14751.0
2008-10-07,8.0,15551.573,15666.0
2008-10-07,9.0,15757.968,15749.0
2008-10-07,10.0,15862.081,15667.0
2008-10-07,11.0,16073.696,15859.0
2008-10-07,12.0,16053.93,15846.0
2008-10-07,13.0,16081.336,15885.0
2008-10-07,14.0,16112.226,16158.0
2008-10-07,15.0,16032.565,16202.0
2008-10-07,16.0,15883.49,16082.0
2008-10-07,17.0,15914.711,16021.0
2008-10-07,18.0,15966.064,15938.0
2008-10-07,19.0,15878.961,15899.0
2008-10-07,20.0,15932.27,16630.0
2008-10-07,21.0,16097.095,16650.0
2008-10-07,22.0,15916.983,16016.0
2008-10-07,23.0,14959.298,14961.0
2008-10-08,0.0,13952.868,13927.0
2008-10-08,1.0,13088.346,12998.0
2008-10-08,2.0,12549.471,12676.0
2008-10-08,3.0,12244.611,12378.0
2008-10-08,4.0,12155.365,12302.0
2008-10-08,5.0,12335.265,12393.0
2008-10-08,6.0,13039.712,13091.0
2008-10-08,7.0,14400.572,14775.0
2008-10-08,8.0,15156.335,15904.0
2008-10-08,9.0,15444.506,16076.0
2008-10-08,10.0,15678.364,16135.0
2008-10-08,11.0,15993.173,16319.0
2008-10-08,12.0,16154.312,16364.0
2008-10-08,13.0,16333.882,16396.0
2008-10-08,14.0,16518.535,16337.0
2008-10-08,15.0,16521.297,16139.0
2008-10-08,16.0,16445.447,15984.0
2008-10-08,17.0,16577.15,15905.0
2008-10-08,18.0,16628.422,15908.0
2008-10-08,19.0,16562.828,16058.0
2008-10-08,20.0,16535.182,16557.0
2008-10-08,21.0,16572.203,16477.0
2008-10-08,22.0,16398.938,15914.0
2008-10-08,23.0,15422.863,14961.0
2008-10-09,0.0,13916.748,13910.0
2008-10-09,1.0,13132.686,13143.0
2008-10-09,2.0,12675.154,12677.0
2008-10-09,3.0,12386.736,12444.0
2008-10-09,4.0,12387.286,12360.0
2008-10-09,5.0,12597.882,12499.0
2008-10-09,6.0,13417.854,13271.0
2008-10-09,7.0,14789.254,14768.0
2008-10-09,8.0,15615.341,15736.0
2008-10-09,9.0,15774.374,15737.0
2008-10-09,10.0,15862.328,15708.0
2008-10-09,11.0,16048.762,16016.0
2008-10-09,12.0,16019.172,16030.0
2008-10-09,13.0,16037.6455,16219.0
2008-10-09,14.0,16048.212,16176.0
2008-10-09,15.0,15975.557,16235.0
2008-10-09,16.0,15802.86,16091.0
2008-10-09,17.0,15883.564,15952.0
2008-10-09,18.0,16059.068,15725.0
2008-10-09,19.0,16067.159,15648.0
2008-10-09,20.0,16205.134,16363.0
2008-10-09,21.0,16267.305,16415.0
2008-10-09,22.0,16115.189,15911.0
2008-10-09,23.0,15217.107,14948.0
2008-10-10,0.0,14162.371,13875.0
2008-10-10,1.0,13317.138,13018.0
2008-10-10,2.0,12811.771,12606.0
2008-10-10,3.0,12569.676,12303.0
2008-10-10,4.0,12488.919,12242.0
2008-10-10,5.0,12655.308,12377.0
2008-10-10,6.0,13342.089,13072.0
2008-10-10,7.0,14598.369,14534.0
2008-10-10,8.0,15346.6045,15459.0
2008-10-10,9.0,15612.257,15578.0
2008-10-10,10.0,15745.696,15740.0
2008-10-10,11.0,15846.514,15863.0
2008-10-10,12.0,15748.088,15792.0
2008-10-10,13.0,15665.322,15838.0
2008-10-10,14.0,15628.081,15904.0
2008-10-10,15.0,15497.595,15907.0
2008-10-10,16.0,15322.494,15821.0
2008-10-10,17.0,15292.569,15802.0
2008-10-10,18.0,15318.947,15568.0
2008-10-10,19.0,15269.732,15215.0
2008-10-10,20.0,15338.4375,15594.0
2008-10-10,21.0,15520.988,15494.0
2008-10-10,22.0,15383.052,15160.0
2008-10-10,23.0,14570.605,14369.0
2008-10-11,0.0,13614.3545,13261.0
2008-10-11,1.0,12758.828,12543.0
2008-10-11,2.0,12208.268,12060.0
2008-10-11,3.0,11959.726,11746.0
2008-10-11,4.0,11779.716,11593.0
2008-10-11,5.0,11791.263,11671.0
2008-10-11,6.0,12166.943,11809.0
2008-10-11,7.0,12666.914,12442.0
2008-10-11,8.0,13265.471,13048.0
2008-10-11,9.0,13812.501,13655.0
2008-10-11,10.0,14241.659,14059.0
2008-10-11,11.0,14412.984,14245.0
2008-10-11,12.0,14423.189,14362.0
2008-10-11,13.0,14329.871,14332.0
2008-10-11,14.0,14221.038,14396.0
2008-10-11,15.0,14090.56,14517.0
2008-10-11,16.0,14061.553,14677.0
2008-10-11,17.0,14067.902,14836.0
2008-10-11,18.0,14260.921,14800.0
2008-10-11,19.0,14263.601,14573.0
2008-10-11,20.0,14360.004,15008.0
2008-10-11,21.0,14460.961,14767.0
2008-10-11,22.0,14380.061,14246.0
2008-10-11,23.0,13700.347,13471.0
2008-10-12,0.0,12740.071,12600.0
2008-10-12,1.0,12006.104,11988.0
2008-10-12,2.0,11550.926,11519.0
2008-10-12,3.0,11395.541,11322.0
2008-10-12,4.0,11277.132,11194.0
2008-10-12,5.0,11281.95,11197.0
2008-10-12,6.0,11544.962,11318.0
2008-10-12,7.0,11968.549,11642.0
2008-10-12,8.0,12411.001,12181.0
2008-10-12,9.0,13049.49,12724.0
2008-10-12,10.0,13516.454,13126.0
2008-10-12,11.0,13705.368,13332.0
2008-10-12,12.0,13868.303,13448.0
2008-10-12,13.0,13996.311,13647.0
2008-10-12,14.0,13974.88,13829.0
2008-10-12,15.0,13859.87,13998.0
2008-10-12,16.0,13972.602,14310.0
2008-10-12,17.0,14083.633,14517.0
2008-10-12,18.0,14286.3,14698.0
2008-10-12,19.0,14377.132,14586.0
2008-10-12,20.0,14558.059,15267.0
2008-10-12,21.0,14888.14,15111.0
2008-10-12,22.0,14826.186,14400.0
2008-10-12,23.0,14124.909,13611.0
2008-10-13,0.0,13397.797,12826.0
2008-10-13,1.0,12702.482,12174.0
2008-10-13,2.0,12307.761,11878.0
2008-10-13,3.0,12102.666,11762.0
2008-10-13,4.0,12130.638,11745.0
2008-10-13,5.0,12350.201,11973.0
2008-10-13,6.0,13194.349,12785.0
2008-10-13,7.0,14758.943,14350.0
2008-10-13,8.0,15682.991,15589.0
2008-10-13,9.0,15879.4,15683.0
2008-10-13,10.0,16067.67,15929.0
2008-10-13,11.0,16239.436,16166.0
2008-10-13,12.0,16321.05,16239.0
2008-10-13,13.0,16354.127,16486.0
2008-10-13,14.0,16439.854,16646.0
2008-10-13,15.0,16430.396,16733.0
2008-10-13,16.0,16282.148,16800.0
2008-10-13,17.0,16360.937,16769.0
2008-10-13,18.0,16410.076,16676.0
2008-10-13,19.0,16382.123,16444.0
2008-10-13,20.0,16436.414,17016.0
2008-10-13,21.0,16570.87,16925.0
2008-10-13,22.0,16424.303,16200.0
2008-10-13,23.0,15427.001,14966.0
2008-10-14,0.0,14261.002,13959.0
2008-10-14,1.0,13476.897,13046.0
2008-10-14,2.0,12951.75,12512.0
2008-10-14,3.0,12737.012,12290.0
2008-10-14,4.0,12663.929,12147.0
2008-10-14,5.0,12921.339,12351.0
2008-10-14,6.0,13712.282,13296.0
2008-10-14,7.0,15243.264,14896.0
2008-10-14,8.0,16097.541,16023.0
2008-10-14,9.0,16293.235,15998.0
2008-10-14,10.0,16354.265,16004.0
2008-10-14,11.0,16493.332,16245.0
2008-10-14,12.0,16454.447,16437.0
2008-10-14,13.0,16474.389,16580.0
2008-10-14,14.0,16478.844,16768.0
2008-10-14,15.0,16350.056,16730.0
2008-10-14,16.0,16217.072,16665.0
2008-10-14,17.0,16227.141,16694.0
2008-10-14,18.0,16332.366,16535.0
2008-10-14,19.0,16292.283,16472.0
2008-10-14,20.0,16372.782,17082.0
2008-10-14,21.0,16473.586,17026.0
2008-10-14,22.0,16275.649,16255.0
2008-10-14,23.0,15322.505,15196.0
2008-10-15,0.0,14312.378,14019.0
2008-10-15,1.0,13489.569,13083.0
2008-10-15,2.0,13022.298,12529.0
2008-10-15,3.0,12842.402,12291.0
2008-10-15,4.0,12767.201,12135.0
2008-10-15,5.0,12998.886,12287.0
2008-10-15,6.0,13704.42,13065.0
2008-10-15,7.0,15136.276,14869.0
2008-10-15,8.0,16002.304,15716.0
2008-10-15,9.0,16199.386,15643.0
2008-10-15,10.0,16287.834,15792.0
2008-10-15,11.0,16405.092,16163.0
2008-10-15,12.0,16393.492,16290.0
2008-10-15,13.0,16356.578,16629.0
2008-10-15,14.0,16419.56,16973.0
2008-10-15,15.0,16359.62,17090.0
2008-10-15,16.0,16177.292,17132.0
2008-10-15,17.0,16280.401,17168.0
2008-10-15,18.0,16439.271,17011.0
2008-10-15,19.0,16530.584,16991.0
2008-10-15,20.0,16543.783,17519.0
2008-10-15,21.0,16629.916,17376.0
2008-10-15,22.0,16372.564,16605.0
2008-10-15,23.0,15484.896,15490.0
2008-10-16,0.0,14273.26,14378.0
2008-10-16,1.0,13454.27,13393.0
2008-10-16,2.0,12978.18,12840.0
2008-10-16,3.0,12759.679,12571.0
2008-10-16,4.0,12678.687,12355.0
2008-10-16,5.0,12817.391,12405.0
2008-10-16,6.0,13552.61,13150.0
2008-10-16,7.0,14764.831,14679.0
2008-10-16,8.0,15481.057,15789.0
2008-10-16,9.0,15688.317,15706.0
2008-10-16,10.0,15847.251,15720.0
2008-10-16,11.0,15919.347,15930.0
2008-10-16,12.0,15861.923,15883.0
2008-10-16,13.0,15780.751,15930.0
2008-10-16,14.0,15786.046,16048.0
2008-10-16,15.0,15631.237,15834.0
2008-10-16,16.0,15507.519,15656.0
2008-10-16,17.0,15561.611,15518.0
2008-10-16,18.0,15735.931,15390.0
2008-10-16,19.0,15751.223,15652.0
2008-10-16,20.0,15872.01,16319.0
2008-10-16,21.0,16008.109,16178.0
2008-10-16,22.0,15748.341,15544.0
2008-10-16,23.0,14922.266,14681.0
2008-10-17,0.0,14006.304,13598.0
2008-10-17,1.0,13164.162,12922.0
2008-10-17,2.0,12697.3125,12465.0
2008-10-17,3.0,12475.05,12171.0
2008-10-17,4.0,12424.883,12036.0
2008-10-17,5.0,12520.053,12158.0
2008-10-17,6.0,13050.602,12909.0
2008-10-17,7.0,14012.851,14411.0
2008-10-17,8.0,14739.162,15421.0
2008-10-17,9.0,15076.975,15574.0
2008-10-17,10.0,15331.903,15624.0
2008-10-17,11.0,15368.365,15765.0
2008-10-17,12.0,15366.11,15708.0
2008-10-17,13.0,15324.075,15664.0
2008-10-17,14.0,15253.9375,15595.0
2008-10-17,15.0,15135.382,15342.0
2008-10-17,16.0,15013.893,15064.0
2008-10-17,17.0,15093.824,14994.0
2008-10-17,18.0,15173.255,14869.0
2008-10-17,19.0,15252.239,15033.0
2008-10-17,20.0,15334.717,15595.0
2008-10-17,21.0,15560.228,15424.0
2008-10-17,22.0,15407.302,15143.0
2008-10-17,23.0,14658.439,14468.0
2008-10-18,0.0,13359.26,13549.0
2008-10-18,1.0,12540.232,12789.0
2008-10-18,2.0,12111.598,12387.0
2008-10-18,3.0,11826.705,12099.0
2008-10-18,4.0,11738.88,12065.0
2008-10-18,5.0,11715.642,12102.0
2008-10-18,6.0,12045.398,12322.0
2008-10-18,7.0,12618.639,12851.0
2008-10-18,8.0,13178.36,13555.0
2008-10-18,9.0,13716.163,14055.0
2008-10-18,10.0,14028.946,14436.0
2008-10-18,11.0,14198.599,14476.0
2008-10-18,12.0,14189.154,14331.0
2008-10-18,13.0,14155.556,14128.0
2008-10-18,14.0,14040.137,13858.0
2008-10-18,15.0,13977.076,13690.0
2008-10-18,16.0,13824.738,13574.0
2008-10-18,17.0,13936.123,13534.0
2008-10-18,18.0,14101.603,13629.0
2008-10-18,19.0,14210.314,13805.0
2008-10-18,20.0,14391.66,14653.0
2008-10-18,21.0,14519.103,14621.0
2008-10-18,22.0,14447.878,14463.0
2008-10-18,23.0,13744.906,13922.0
2008-10-19,0.0,12907.739,13376.0
2008-10-19,1.0,12174.359,12922.0
2008-10-19,2.0,11755.472,12732.0
2008-10-19,3.0,11537.282,12510.0
2008-10-19,4.0,11476.681,12602.0
2008-10-19,5.0,11528.649,12678.0
2008-10-19,6.0,11874.567,12952.0
2008-10-19,7.0,12524.193,13445.0
2008-10-19,8.0,13141.857,14069.0
2008-10-19,9.0,13688.778,14605.0
2008-10-19,10.0,14064.49,14683.0
2008-10-19,11.0,14212.85,14447.0
2008-10-19,12.0,14339.869,14095.0
2008-10-19,13.0,14428.248,13870.0
2008-10-19,14.0,14473.368,13545.0
2008-10-19,15.0,14453.166,13388.0
2008-10-19,16.0,14429.22,13257.0
2008-10-19,17.0,14556.61,13295.0
2008-10-19,18.0,14716.114,13553.0
2008-10-19,19.0,14932.022,14026.0
2008-10-19,20.0,15137.22,15169.0
2008-10-19,21.0,15407.594,15335.0
2008-10-19,22.0,15189.652,14992.0
2008-10-19,23.0,14421.567,14372.0
2008-10-20,0.0,13988.541,13841.0
2008-10-20,1.0,13287.151,13498.0
2008-10-20,2.0,12900.488,13283.0
2008-10-20,3.0,12768.0625,13304.0
2008-10-20,4.0,12720.189,13411.0
2008-10-20,5.0,12998.255,13829.0
2008-10-20,6.0,13800.965,14906.0
2008-10-20,7.0,15355.93,16705.0
2008-10-20,8.0,16259.316,17854.0
2008-10-20,9.0,16570.387,17768.0
2008-10-20,10.0,16818.7,17488.0
2008-10-20,11.0,17172.637,17070.0
2008-10-20,12.0,17282.83,16640.0
2008-10-20,13.0,17478.318,16353.0
2008-10-20,14.0,17641.805,25695.0
2008-10-20,15.0,17604.021,15991.0
2008-10-20,16.0,17567.646,15687.0
2008-10-20,17.0,17720.195,15662.0
2008-10-20,18.0,17869.889,15634.0
2008-10-20,19.0,17882.754,15994.0
2008-10-20,20.0,17914.754,16798.0
2008-10-20,21.0,17810.264,16775.0
2008-10-20,22.0,17442.072,16304.0
2008-10-20,23.0,16418.244,15428.0
2008-10-21,0.0,15033.906,14439.0
2008-10-21,1.0,14124.998,13810.0
2008-10-21,2.0,13613.494,13557.0
2008-10-21,3.0,13301.32,13342.0
2008-10-21,4.0,13256.213,13300.0
2008-10-21,5.0,13472.759,13648.0
2008-10-21,6.0,14190.918,14507.0
2008-10-21,7.0,15502.6875,16023.0
2008-10-21,8.0,16401.602,16927.0
2008-10-21,9.0,16460.723,16823.0
2008-10-21,10.0,16518.814,16706.0
2008-10-21,11.0,16588.078,16598.0
2008-10-21,12.0,16563.625,16380.0
2008-10-21,13.0,16414.656,16209.0
2008-10-21,14.0,16283.548,16176.0
2008-10-21,15.0,16141.331,15960.0
2008-10-21,16.0,16045.657,15706.0
2008-10-21,17.0,16048.874,15606.0
2008-10-21,18.0,16264.959,15653.0
2008-10-21,19.0,16320.575,16065.0
2008-10-21,20.0,16349.904,17052.0
2008-10-21,21.0,16430.557,17084.0
2008-10-21,22.0,16210.897,16745.0
2008-10-21,23.0,15295.782,15934.0
2008-10-22,0.0,14800.735,15089.0
2008-10-22,1.0,14024.827,14516.0
2008-10-22,2.0,13582.05,14315.0
2008-10-22,3.0,13360.536,14218.0
2008-10-22,4.0,13277.433,14287.0
2008-10-22,5.0,13506.553,14537.0
2008-10-22,6.0,14186.402,15524.0
2008-10-22,7.0,15502.068,17301.0
2008-10-22,8.0,16348.804,18232.0
2008-10-22,9.0,16602.422,18079.0
2008-10-22,10.0,16774.033,17674.0
2008-10-22,11.0,16981.928,17240.0
2008-10-22,12.0,17030.465,16735.0
2008-10-22,13.0,17061.424,16461.0
2008-10-22,14.0,17179.84,16159.0
2008-10-22,15.0,17093.846,15847.0
2008-10-22,16.0,17087.531,15514.0
2008-10-22,17.0,17179.729,15549.0
2008-10-22,18.0,17393.129,15573.0
2008-10-22,19.0,17624.238,16105.0
2008-10-22,20.0,17585.55,17039.0
2008-10-22,21.0,17628.094,17161.0
2008-10-22,22.0,17314.709,16875.0
2008-10-22,23.0,16362.894,16157.0
2008-10-23,0.0,15359.038,15350.0
2008-10-23,1.0,14459.7295,14862.0
2008-10-23,2.0,13937.142,14617.0
2008-10-23,3.0,13665.656,14540.0
2008-10-23,4.0,13552.578,14552.0
2008-10-23,5.0,13739.058,14880.0
2008-10-23,6.0,14424.456,15913.0
2008-10-23,7.0,15732.285,17459.0
2008-10-23,8.0,16535.93,18478.0
2008-10-23,9.0,16779.14,18276.0
2008-10-23,10.0,16917.533,17913.0
2008-10-23,11.0,17109.922,17427.0
2008-10-23,12.0,17114.23,16904.0
2008-10-23,13.0,17117.936,16654.0
2008-10-23,14.0,17143.932,16390.0
2008-10-23,15.0,17046.18,16078.0
2008-10-23,16.0,16997.54,15715.0
2008-10-23,17.0,17136.96,15620.0
2008-10-23,18.0,17350.72,15625.0
2008-10-23,19.0,17465.53,16037.0
2008-10-23,20.0,17475.207,16904.0
2008-10-23,21.0,17431.318,16868.0
2008-10-23,22.0,17127.854,16437.0
2008-10-23,23.0,16230.216,15628.0
2008-10-24,0.0,15215.1,14655.0
2008-10-24,1.0,14319.745,14005.0
2008-10-24,2.0,13799.294,13601.0
2008-10-24,3.0,13537.104,13387.0
2008-10-24,4.0,13435.6455,13418.0
2008-10-24,5.0,13625.091,13567.0
2008-10-24,6.0,14294.438,14396.0
2008-10-24,7.0,15569.165,15897.0
2008-10-24,8.0,16341.663,16846.0
2008-10-24,9.0,16543.162,16782.0
2008-10-24,10.0,16655.273,16771.0
2008-10-24,11.0,16801.469,16857.0
2008-10-24,12.0,16695.662,16710.0
2008-10-24,13.0,16595.404,16494.0
2008-10-24,14.0,16558.084,16339.0
2008-10-24,15.0,16402.086,16177.0
2008-10-24,16.0,16281.565,16055.0
2008-10-24,17.0,16304.703,16175.0
2008-10-24,18.0,16493.133,16349.0
2008-10-24,19.0,16575.541,16561.0
2008-10-24,20.0,16567.3,16628.0
2008-10-24,21.0,16612.479,16338.0
2008-10-24,22.0,16350.542,15984.0
2008-10-24,23.0,15517.518,15250.0
2008-10-25,0.0,14375.218,14270.0
2008-10-25,1.0,13426.804,13493.0
2008-10-25,2.0,12888.499,13026.0
2008-10-25,3.0,12527.263,12669.0
2008-10-25,4.0,12439.787,12595.0
2008-10-25,5.0,12428.501,12623.0
2008-10-25,6.0,12712.186,12756.0
2008-10-25,7.0,13213.037,13292.0
2008-10-25,8.0,13737.855,13992.0
2008-10-25,9.0,14319.75,14437.0
2008-10-25,10.0,14707.628,14889.0
2008-10-25,11.0,14906.049,15079.0
2008-10-25,12.0,14888.604,14955.0
2008-10-25,13.0,14846.142,14727.0
2008-10-25,14.0,14738.509,14534.0
2008-10-25,15.0,14748.213,14322.0
2008-10-25,16.0,14683.852,14174.0
2008-10-25,17.0,14740.82,14100.0
2008-10-25,18.0,15039.187,14193.0
2008-10-25,19.0,15097.665,14467.0
2008-10-25,20.0,15063.148,15172.0
2008-10-25,21.0,15109.939,15085.0
2008-10-25,22.0,14926.963,14913.0
2008-10-25,23.0,14324.716,14401.0
2008-10-26,0.0,13413.716,13761.0
2008-10-26,1.0,12673.634,13210.0
2008-10-26,2.0,12194.871,12867.0
2008-10-26,3.0,11991.863,12723.0
2008-10-26,4.0,11893.518,12716.0
2008-10-26,5.0,11970.6,12688.0
2008-10-26,6.0,12166.473,12884.0
2008-10-26,7.0,12630.95,13292.0
2008-10-26,8.0,13164.116,14046.0
2008-10-26,9.0,13768.593,14415.0
2008-10-26,10.0,14266.787,14597.0
2008-10-26,11.0,14456.306,14301.0
2008-10-26,12.0,14571.348,14109.0
2008-10-26,13.0,14767.548,13895.0
2008-10-26,14.0,14751.095,13546.0
2008-10-26,15.0,14761.642,13353.0
2008-10-26,16.0,14765.219,13246.0
2008-10-26,17.0,14971.848,13353.0
2008-10-26,18.0,15229.003,13517.0
2008-10-26,19.0,15401.768,14003.0
2008-10-26,20.0,15541.606,15011.0
2008-10-26,21.0,15648.863,14997.0
2008-10-26,22.0,15521.263,14850.0
2008-10-26,23.0,14815.363,14156.0
2008-10-27,0.0,13951.74,13658.0
2008-10-27,1.0,13351.89,13157.0
2008-10-27,2.0,13017.376,12938.0
2008-10-27,3.0,12838.559,12929.0
2008-10-27,4.0,12809.323,12995.0
2008-10-27,5.0,13049.961,13409.0
2008-10-27,6.0,13957.764,14436.0
2008-10-27,7.0,15316.185,16083.0
2008-10-27,8.0,16276.354,17433.0
2008-10-27,9.0,16641.84,17574.0
2008-10-27,10.0,17052.596,17587.0
2008-10-27,11.0,17448.14,17675.0
2008-10-27,12.0,17635.736,17584.0
2008-10-27,13.0,17803.71,17532.0
2008-10-27,14.0,17984.734,17455.0
2008-10-27,15.0,17931.824,17263.0
2008-10-27,16.0,17878.414,17063.0
2008-10-27,17.0,18109.523,17198.0
2008-10-27,18.0,18308.25,17496.0
2008-10-27,19.0,18440.545,18160.0
2008-10-27,20.0,18366.91,18705.0
2008-10-27,21.0,18179.809,18348.0
2008-10-27,22.0,17862.898,17936.0
2008-10-27,23.0,16800.564,16869.0
2008-10-28,0.0,16154.996,16134.0
2008-10-28,1.0,15224.478,15361.0
2008-10-28,2.0,14691.456,15013.0
2008-10-28,3.0,14375.786,14865.0
2008-10-28,4.0,14296.661,14887.0
2008-10-28,5.0,14455.035,15103.0
2008-10-28,6.0,15240.97,15949.0
2008-10-28,7.0,16566.9,17668.0
2008-10-28,8.0,17499.895,18661.0
2008-10-28,9.0,17734.2,18558.0
2008-10-28,10.0,18062.53,18618.0
2008-10-28,11.0,18294.615,18617.0
2008-10-28,12.0,18496.74,18382.0
2008-10-28,13.0,18640.412,18258.0
2008-10-28,14.0,18781.217,17992.0
2008-10-28,15.0,18892.688,17794.0
2008-10-28,16.0,18892.396,17633.0
2008-10-28,17.0,18985.635,17755.0
2008-10-28,18.0,19237.113,18138.0
2008-10-28,19.0,19352.076,18492.0
2008-10-28,20.0,19345.66,19030.0
2008-10-28,21.0,19100.16,18803.0
2008-10-28,22.0,18830.074,18172.0
2008-10-28,23.0,17771.691,17359.0
2008-10-29,0.0,16398.387,16352.0
2008-10-29,1.0,15411.376,15657.0
2008-10-29,2.0,14826.274,15395.0
2008-10-29,3.0,14512.141,15186.0
2008-10-29,4.0,14292.958,15139.0
2008-10-29,5.0,14517.449,15483.0
2008-10-29,6.0,15213.512,16337.0
2008-10-29,7.0,16432.49,17996.0
2008-10-29,8.0,17243.152,18979.0
2008-10-29,9.0,17585.455,18694.0
2008-10-29,10.0,17790.148,18413.0
2008-10-29,11.0,18064.54,18179.0
2008-10-29,12.0,18114.87,17886.0
2008-10-29,13.0,18137.676,17609.0
2008-10-29,14.0,18288.543,17409.0
2008-10-29,15.0,18190.7,17113.0
2008-10-29,16.0,18156.654,16766.0
2008-10-29,17.0,18278.691,16743.0
2008-10-29,18.0,18407.172,16904.0
2008-10-29,19.0,18534.326,17520.0
2008-10-29,20.0,18350.31,18367.0
2008-10-29,21.0,18242.69,18302.0
2008-10-29,22.0,17987.393,18042.0
2008-10-29,23.0,17031.52,17215.0
2008-10-30,0.0,16037.092,16357.0
2008-10-30,1.0,15077.701,15740.0
2008-10-30,2.0,14516.953,15645.0
2008-10-30,3.0,14160.919,15443.0
2008-10-30,4.0,13981.922,15594.0
2008-10-30,5.0,14076.199,15992.0
2008-10-30,6.0,14643.635,16972.0
2008-10-30,7.0,15646.999,18768.0
2008-10-30,8.0,16476.383,19732.0
2008-10-30,9.0,16913.914,19545.0
2008-10-30,10.0,17379.238,19039.0
2008-10-30,11.0,17799.521,18441.0
2008-10-30,12.0,18040.064,17739.0
2008-10-30,13.0,18235.02,17256.0
2008-10-30,14.0,18450.55,16856.0
2008-10-30,15.0,18516.086,16403.0
2008-10-30,16.0,18578.143,15979.0
2008-10-30,17.0,18757.283,15798.0
2008-10-30,18.0,19038.451,15716.0
2008-10-30,19.0,19149.37,16288.0
2008-10-30,20.0,18939.084,17099.0
2008-10-30,21.0,18700.371,17473.0
2008-10-30,22.0,18438.314,17221.0
2008-10-30,23.0,17527.352,16571.0
2008-10-31,0.0,15716.785,15721.0
2008-10-31,1.0,14748.753,15020.0
2008-10-31,2.0,14205.053,14733.0
2008-10-31,3.0,13832.229,14692.0
2008-10-31,4.0,13704.9375,14822.0
2008-10-31,5.0,13789.847,15128.0
2008-10-31,6.0,14252.146,15994.0
2008-10-31,7.0,15194.579,17671.0
2008-10-31,8.0,15834.804,18822.0
2008-10-31,9.0,16270.748,18629.0
2008-10-31,10.0,16518.547,18177.0
2008-10-31,11.0,16678.973,17542.0
2008-10-31,12.0,16716.197,16916.0
2008-10-31,13.0,16741.602,16486.0
2008-10-31,14.0,16719.475,16076.0
2008-10-31,15.0,16689.682,15760.0
2008-10-31,16.0,16591.045,15328.0
2008-10-31,17.0,16656.352,15123.0
2008-10-31,18.0,16995.955,14876.0
2008-10-31,19.0,17124.31,14991.0
2008-10-31,20.0,17076.158,15492.0
2008-10-31,21.0,16987.744,15585.0
2008-10-31,22.0,16732.994,15320.0
2008-10-31,23.0,15952.535,14854.0
2008-11-01,0.0,14429.874,14067.0
2008-11-01,1.0,13468.04,13464.0
2008-11-01,2.0,12897.226,13183.0
2008-11-01,3.0,12544.379,13098.0
2008-11-01,4.0,12381.886,13107.0
2008-11-01,5.0,12385.867,13199.0
2008-11-01,6.0,12538.213,13657.0
2008-11-01,7.0,12896.78,14169.0
2008-11-01,8.0,13455.768,14929.0
2008-11-01,9.0,14158.595,15387.0
2008-11-01,10.0,14586.438,15429.0
2008-11-01,11.0,14912.18,15305.0
2008-11-01,12.0,15012.606,14870.0
2008-11-01,13.0,14979.799,14424.0
2008-11-01,14.0,14856.984,14162.0
2008-11-01,15.0,14905.468,13954.0
2008-11-01,16.0,14841.125,13808.0
2008-11-01,17.0,14919.179,13794.0
2008-11-01,18.0,15212.431,13934.0
2008-11-01,19.0,15208.587,14244.0
2008-11-01,20.0,15135.329,14732.0
2008-11-01,21.0,15111.124,14547.0
2008-11-01,22.0,14952.717,14211.0
2008-11-01,23.0,14352.132,13719.0
2008-11-02,0.0,13372.832,13166.0
2008-11-02,1.0,12624.292,12639.0
2008-11-02,2.0,12156.462,12639.0
2008-11-02,3.0,11910.379,12121.0
2008-11-02,4.0,11788.547,12119.0
2008-11-02,5.0,11783.896,12196.0
2008-11-02,6.0,11937.788,12347.0
2008-11-02,7.0,12054.321,13112.0
2008-11-02,8.0,12584.089,13794.0
2008-11-02,9.0,13248.7295,14062.0
2008-11-02,10.0,13762.766,14275.0
2008-11-02,11.0,14054.532,14010.0
2008-11-02,12.0,14224.641,13740.0
2008-11-02,13.0,14270.885,13559.0
2008-11-02,14.0,14298.501,13444.0
2008-11-02,15.0,14212.167,13412.0
2008-11-02,16.0,14295.101,13167.0
2008-11-02,17.0,14456.79,13394.0
2008-11-02,18.0,14894.365,13910.0
2008-11-02,19.0,15177.666,15016.0
2008-11-02,20.0,15193.39,14823.0
2008-11-02,21.0,15325.475,14708.0
2008-11-02,22.0,15116.709,14438.0
2008-11-02,23.0,14497.914,13648.0
2008-11-03,0.0,13355.129,13618.0
2008-11-03,1.0,12633.184,12645.0
2008-11-03,2.0,12236.571,12436.0
2008-11-03,3.0,12036.366,12568.0
2008-11-03,4.0,12016.118,12495.0
2008-11-03,5.0,12262.11,12919.0
2008-11-03,6.0,12914.147,13845.0
2008-11-03,7.0,14397.518,15581.0
2008-11-03,8.0,15265.294,16327.0
2008-11-03,9.0,15515.568,16326.0
2008-11-03,10.0,15657.777,16214.0
2008-11-03,11.0,15868.253,16157.0
2008-11-03,12.0,15908.355,15950.0
2008-11-03,13.0,16051.3125,15827.0
2008-11-03,14.0,16115.743,15825.0
2008-11-03,15.0,16045.083,15673.0
2008-11-03,16.0,15942.663,15461.0
2008-11-03,17.0,16048.525,15461.0
2008-11-03,18.0,16192.931,15916.0
2008-11-03,19.0,16218.629,16588.0
2008-11-03,20.0,16309.529,16412.0
2008-11-03,21.0,16476.3,16170.0
2008-11-03,22.0,16179.404,15667.0
2008-11-03,23.0,15326.417,14682.0
2008-11-04,0.0,14087.945,13837.0
2008-11-04,1.0,13213.134,13291.0
2008-11-04,2.0,12718.894,13097.0
2008-11-04,3.0,12485.276,12851.0
2008-11-04,4.0,12401.668,12982.0
2008-11-04,5.0,12626.845,13404.0
2008-11-04,6.0,13384.193,14293.0
2008-11-04,7.0,14706.946,15641.0
2008-11-04,8.0,15500.23,16297.0
2008-11-04,9.0,15753.386,16397.0
2008-11-04,10.0,15919.13,16243.0
2008-11-04,11.0,16125.914,16156.0
2008-11-04,12.0,16184.776,16003.0
2008-11-04,13.0,16319.429,15912.0
2008-11-04,14.0,16387.127,16023.0
2008-11-04,15.0,16389.217,15628.0
2008-11-04,16.0,16252.111,15441.0
2008-11-04,17.0,16305.575,15414.0
2008-11-04,18.0,16384.318,15976.0
2008-11-04,19.0,16355.408,16639.0
2008-11-04,20.0,16415.674,16632.0
2008-11-04,21.0,16606.89,16321.0
2008-11-04,22.0,16418.373,15838.0
2008-11-04,23.0,15452.776,14994.0
2008-11-05,0.0,14227.331,14076.0
2008-11-05,1.0,13465.401,13520.0
2008-11-05,2.0,13048.367,13184.0
2008-11-05,3.0,12874.666,13063.0
2008-11-05,4.0,12863.713,13111.0
2008-11-05,5.0,13058.772,13364.0
2008-11-05,6.0,13838.701,14338.0
2008-11-05,7.0,15278.707,15814.0
2008-11-05,8.0,16112.566,16385.0
2008-11-05,9.0,16245.248,16330.0
2008-11-05,10.0,16254.0205,16110.0
2008-11-05,11.0,16319.004,16046.0
2008-11-05,12.0,16182.698,15886.0
2008-11-05,13.0,16112.087,15809.0
2008-11-05,14.0,16063.737,15771.0
2008-11-05,15.0,15924.358,15692.0
2008-11-05,16.0,15715.86,15358.0
2008-11-05,17.0,15630.391,15435.0
2008-11-05,18.0,15871.561,15884.0
2008-11-05,19.0,16047.702,16503.0
2008-11-05,20.0,16292.592,16412.0
2008-11-05,21.0,16299.673,16122.0
2008-11-05,22.0,15985.862,15579.0
2008-11-05,23.0,15167.864,14710.0
2008-11-06,0.0,14240.608,13836.0
2008-11-06,1.0,13416.2295,13174.0
2008-11-06,2.0,12975.36,12925.0
2008-11-06,3.0,12703.781,12779.0
2008-11-06,4.0,12649.188,12890.0
2008-11-06,5.0,12882.275,13218.0
2008-11-06,6.0,13632.393,14206.0
2008-11-06,7.0,15038.7705,15883.0
2008-11-06,8.0,15865.699,16465.0
2008-11-06,9.0,16037.823,16318.0
2008-11-06,10.0,16139.954,16142.0
2008-11-06,11.0,16227.563,15984.0
2008-11-06,12.0,16201.624,15759.0
2008-11-06,13.0,16127.917,15735.0
2008-11-06,14.0,16135.908,15632.0
2008-11-06,15.0,16003.102,15582.0
2008-11-06,16.0,15823.43,15356.0
2008-11-06,17.0,15841.286,15256.0
2008-11-06,18.0,15882.143,15772.0
2008-11-06,19.0,15878.43,16375.0
2008-11-06,20.0,16039.271,16214.0
2008-11-06,21.0,16147.925,15967.0
2008-11-06,22.0,15903.491,15510.0
2008-11-06,23.0,15011.927,14649.0
2008-11-07,0.0,14122.61,13726.0
2008-11-07,1.0,13300.989,13379.0
2008-11-07,2.0,12826.6875,12840.0
2008-11-07,3.0,12584.803,12828.0
2008-11-07,4.0,12507.935,12730.0
2008-11-07,5.0,12680.378,13118.0
2008-11-07,6.0,13315.829,13960.0
2008-11-07,7.0,14563.131,15384.0
2008-11-07,8.0,15337.224,16181.0
2008-11-07,9.0,15560.824,16100.0
2008-11-07,10.0,15736.123,15964.0
2008-11-07,11.0,15843.643,15855.0
2008-11-07,12.0,15791.967,15601.0
2008-11-07,13.0,15822.673,15642.0
2008-11-07,14.0,15838.115,15546.0
2008-11-07,15.0,15729.238,15383.0
2008-11-07,16.0,15633.955,15146.0
2008-11-07,17.0,15627.721,15180.0
2008-11-07,18.0,15744.784,15627.0
2008-11-07,19.0,15797.645,15856.0
2008-11-07,20.0,15849.761,15653.0
2008-11-07,21.0,16011.864,15351.0
2008-11-07,22.0,15794.055,15013.0
2008-11-07,23.0,14966.221,14358.0
2008-11-08,0.0,14296.709,13369.0
2008-11-08,1.0,13406.016,12748.0
2008-11-08,2.0,12933.338,12415.0
2008-11-08,3.0,12609.569,12152.0
2008-11-08,4.0,12454.434,12119.0
2008-11-08,5.0,12553.069,12204.0
2008-11-08,6.0,13104.533,12603.0
2008-11-08,7.0,13889.681,13162.0
2008-11-08,8.0,14540.294,13813.0
2008-11-08,9.0,14978.864,14423.0
2008-11-08,10.0,15226.055,14810.0
2008-11-08,11.0,15438.873,14948.0
2008-11-08,12.0,15409.271,14914.0
2008-11-08,13.0,15429.926,14833.0
2008-11-08,14.0,15391.744,14707.0
2008-11-08,15.0,15328.968,14613.0
2008-11-08,16.0,15181.831,14586.0
2008-11-08,17.0,15293.269,14890.0
2008-11-08,18.0,15309.628,15529.0
2008-11-08,19.0,15399.167,15819.0
2008-11-08,20.0,15498.239,15614.0
2008-11-08,21.0,15595.267,15520.0
2008-11-08,22.0,15442.635,15086.0
2008-11-08,23.0,14676.205,14611.0
2008-11-09,0.0,13723.974,13925.0
2008-11-09,1.0,13071.666,13379.0
2008-11-09,2.0,12706.76,13149.0
2008-11-09,3.0,12568.3,13001.0
2008-11-09,4.0,12521.915,12962.0
2008-11-09,5.0,12768.967,13002.0
2008-11-09,6.0,13445.998,13255.0
2008-11-09,7.0,14665.802,13716.0
2008-11-09,8.0,15364.318,14200.0
2008-11-09,9.0,15628.208,14824.0
2008-11-09,10.0,15719.631,15128.0
2008-11-09,11.0,15816.469,15098.0
2008-11-09,12.0,15760.067,15107.0
2008-11-09,13.0,15711.559,15213.0
2008-11-09,14.0,15659.924,15274.0
2008-11-09,15.0,15547.147,15220.0
2008-11-09,16.0,15459.924,15286.0
2008-11-09,17.0,15640.091,15620.0
2008-11-09,18.0,15835.217,16421.0
2008-11-09,19.0,16019.039,16756.0
2008-11-09,20.0,16221.298,16627.0
2008-11-09,21.0,16370.942,16477.0
2008-11-09,22.0,16109.283,16013.0
2008-11-09,23.0,15293.301,15312.0
2008-11-10,0.0,14720.286,14690.0
2008-11-10,1.0,14087.22,14303.0
2008-11-10,2.0,13690.659,14169.0
2008-11-10,3.0,13549.596,14172.0
2008-11-10,4.0,13541.959,14330.0
2008-11-10,5.0,13884.79,14599.0
2008-11-10,6.0,14805.604,15587.0
2008-11-10,7.0,16374.93,17199.0
2008-11-10,8.0,17377.334,17994.0
2008-11-10,9.0,17582.977,18065.0
2008-11-10,10.0,17688.336,18080.0
2008-11-10,11.0,17805.004,17890.0
2008-11-10,12.0,17845.8,17521.0
2008-11-10,13.0,17867.29,17285.0
2008-11-10,14.0,18109.59,17033.0
2008-11-10,15.0,17920.139,16798.0
2008-11-10,16.0,17877.764,16483.0
2008-11-10,17.0,17953.176,16740.0
2008-11-10,18.0,18299.188,17705.0
2008-11-10,19.0,18420.441,18500.0
2008-11-10,20.0,18476.66,18594.0
2008-11-10,21.0,18435.19,18586.0
2008-11-10,22.0,18059.219,18294.0
2008-11-10,23.0,17050.652,17522.0
2008-11-11,0.0,16035.916,16718.0
2008-11-11,1.0,15179.833,16158.0
2008-11-11,2.0,14604.737,16004.0
2008-11-11,3.0,14342.729,15967.0
2008-11-11,4.0,14214.8125,15937.0
2008-11-11,5.0,14346.855,16151.0
2008-11-11,6.0,15071.973,17007.0
2008-11-11,7.0,16338.382,18476.0
2008-11-11,8.0,17172.484,19113.0
2008-11-11,9.0,17578.729,18901.0
2008-11-11,10.0,17834.723,18507.0
2008-11-11,11.0,18227.299,18238.0
2008-11-11,12.0,18337.934,17790.0
2008-11-11,13.0,18477.203,17382.0
2008-11-11,14.0,18645.29,17241.0
2008-11-11,15.0,18748.066,17019.0
2008-11-11,16.0,18613.896,16903.0
2008-11-11,17.0,18743.887,17205.0
2008-11-11,18.0,18976.33,17985.0
2008-11-11,19.0,19047.896,18359.0
2008-11-11,20.0,18971.854,18176.0
2008-11-11,21.0,18783.303,17899.0
2008-11-11,22.0,18359.85,17316.0
2008-11-11,23.0,17447.197,16454.0
2008-11-12,0.0,15996.891,15385.0
2008-11-12,1.0,15055.963,14713.0
2008-11-12,2.0,14496.456,14433.0
2008-11-12,3.0,14192.593,14254.0
2008-11-12,4.0,14062.036,14287.0
2008-11-12,5.0,14182.874,14558.0
2008-11-12,6.0,14811.783,15400.0
2008-11-12,7.0,16000.729,16897.0
2008-11-12,8.0,16717.924,17577.0
2008-11-12,9.0,16987.799,17498.0
2008-11-12,10.0,17171.873,17429.0
2008-11-12,11.0,17297.977,17321.0
2008-11-12,12.0,17335.88,17113.0
2008-11-12,13.0,17266.56,16876.0
2008-11-12,14.0,17272.574,16721.0
2008-11-12,15.0,17141.705,16431.0
2008-11-12,16.0,17057.098,16297.0
2008-11-12,17.0,17053.686,16523.0
2008-11-12,18.0,17239.098,17349.0
2008-11-12,19.0,17383.443,17768.0
2008-11-12,20.0,17350.828,17579.0
2008-11-12,21.0,17315.178,17400.0
2008-11-12,22.0,17059.3,16913.0
2008-11-12,23.0,16225.743,15959.0
2008-11-13,0.0,15241.238,14964.0
2008-11-13,1.0,14340.4375,14086.0
2008-11-13,2.0,13780.447,13737.0
2008-11-13,3.0,13469.284,13567.0
2008-11-13,4.0,13355.468,13547.0
2008-11-13,5.0,13386.302,13724.0
2008-11-13,6.0,13868.397,14576.0
2008-11-13,7.0,14686.789,16070.0
2008-11-13,8.0,15287.942,16852.0
2008-11-13,9.0,15805.591,16768.0
2008-11-13,10.0,16113.201,16764.0
2008-11-13,11.0,16356.221,16828.0
2008-11-13,12.0,16460.186,16681.0
2008-11-13,13.0,16588.123,16580.0
2008-11-13,14.0,16604.273,16423.0
2008-11-13,15.0,16616.764,16164.0
2008-11-13,16.0,16627.049,15851.0
2008-11-13,17.0,16753.996,15917.0
2008-11-13,18.0,16962.24,16649.0
2008-11-13,19.0,17124.12,17085.0
2008-11-13,20.0,17089.145,16987.0
2008-11-13,21.0,17107.568,16729.0
2008-11-13,22.0,16761.844,16364.0
2008-11-13,23.0,16020.559,15539.0
2008-11-14,0.0,14732.099,14576.0
2008-11-14,1.0,13890.096,13742.0
2008-11-14,2.0,13370.614,13503.0
2008-11-14,3.0,13070.858,13271.0
2008-11-14,4.0,12966.452,13216.0
2008-11-14,5.0,13049.317,13393.0
2008-11-14,6.0,13475.757,14133.0
2008-11-14,7.0,14359.155,15520.0
2008-11-14,8.0,14985.807,16253.0
2008-11-14,9.0,15355.985,16201.0
2008-11-14,10.0,15659.723,16157.0
2008-11-14,11.0,15869.032,16097.0
2008-11-14,12.0,15910.323,15973.0
2008-11-14,13.0,15947.491,15759.0
2008-11-14,14.0,15911.721,15687.0
2008-11-14,15.0,15829.762,15467.0
2008-11-14,16.0,15795.724,15231.0
2008-11-14,17.0,15920.495,15312.0
2008-11-14,18.0,16135.823,15886.0
2008-11-14,19.0,16310.851,16102.0
2008-11-14,20.0,16282.122,15753.0
2008-11-14,21.0,16266.754,15527.0
2008-11-14,22.0,16014.607,15364.0
2008-11-14,23.0,15242.429,14651.0
2008-11-15,0.0,14188.445,13806.0
2008-11-15,1.0,13360.658,13077.0
2008-11-15,2.0,12867.196,12699.0
2008-11-15,3.0,12604.423,12577.0
2008-11-15,4.0,12440.533,12400.0
2008-11-15,5.0,12555.411,12455.0
2008-11-15,6.0,12919.3545,12700.0
2008-11-15,7.0,13671.156,13245.0
2008-11-15,8.0,14226.841,13901.0
2008-11-15,9.0,14712.707,14456.0
2008-11-15,10.0,15046.667,14978.0
2008-11-15,11.0,15200.449,15358.0
2008-11-15,12.0,15249.19,15366.0
2008-11-15,13.0,15256.186,15225.0
2008-11-15,14.0,15272.84,15184.0
2008-11-15,15.0,15208.86,15034.0
2008-11-15,16.0,15138.268,15158.0
2008-11-15,17.0,15269.942,15572.0
2008-11-15,18.0,15422.614,16258.0
2008-11-15,19.0,15511.85,16511.0
2008-11-15,20.0,15637.563,16430.0
2008-11-15,21.0,15668.203,16261.0
2008-11-15,22.0,15443.702,15842.0
2008-11-15,23.0,14699.064,15324.0
2008-11-16,0.0,14312.768,14670.0
2008-11-16,1.0,13613.147,14035.0
2008-11-16,2.0,13215.368,13736.0
2008-11-16,3.0,13023.825,13572.0
2008-11-16,4.0,13013.311,13474.0
2008-11-16,5.0,13235.738,13653.0
2008-11-16,6.0,13937.288,13974.0
2008-11-16,7.0,15244.725,14452.0
2008-11-16,8.0,16074.943,14982.0
2008-11-16,9.0,16270.089,15742.0
2008-11-16,10.0,16429.781,16096.0
2008-11-16,11.0,16593.412,16188.0
2008-11-16,12.0,16559.305,16189.0
2008-11-16,13.0,16625.82,16351.0
2008-11-16,14.0,16692.508,16305.0
2008-11-16,15.0,16634.283,16183.0
2008-11-16,16.0,16581.078,16186.0
2008-11-16,17.0,16662.572,16484.0
2008-11-16,18.0,16997.924,17503.0
2008-11-16,19.0,17180.791,17810.0
2008-11-16,20.0,17238.104,17761.0
2008-11-16,21.0,17280.49,17534.0
2008-11-16,22.0,17003.87,17144.0
2008-11-16,23.0,16108.742,16498.0
2008-11-17,0.0,15978.627,15925.0
2008-11-17,1.0,15068.048,15470.0
2008-11-17,2.0,14502.983,15304.0
2008-11-17,3.0,14284.541,15236.0
2008-11-17,4.0,14225.107,15257.0
2008-11-17,5.0,14459.776,15533.0
2008-11-17,6.0,15255.792,16480.0
2008-11-17,7.0,16559.277,18105.0
2008-11-17,8.0,17557.889,18906.0
2008-11-17,9.0,18044.23,18802.0
2008-11-17,10.0,18434.342,18759.0
2008-11-17,11.0,19053.611,18761.0
2008-11-17,12.0,19435.814,18621.0
2008-11-17,13.0,19760.773,18549.0
2008-11-17,14.0,20110.367,18443.0
2008-11-17,15.0,19991.86,18271.0
2008-11-17,16.0,20055.215,18245.0
2008-11-17,17.0,20144.064,18531.0
2008-11-17,18.0,20336.545,19452.0
2008-11-17,19.0,20341.18,19813.0
2008-11-17,20.0,20211.402,19763.0
2008-11-17,21.0,20049.318,19556.0
2008-11-17,22.0,19610.346,19113.0
2008-11-17,23.0,18378.812,18281.0
2008-11-18,0.0,17023.602,17331.0
2008-11-18,1.0,15936.164,16647.0
2008-11-18,2.0,15293.119,16362.0
2008-11-18,3.0,14871.959,16233.0
2008-11-18,4.0,14667.921,16291.0
2008-11-18,5.0,14754.411,16603.0
2008-11-18,6.0,15471.071,17492.0
2008-11-18,7.0,16764.7,19162.0
2008-11-18,8.0,17595.453,19872.0
2008-11-18,9.0,18250.504,19664.0
2008-11-18,10.0,18827.734,19489.0
2008-11-18,11.0,19507.863,19425.0
2008-11-18,12.0,19992.111,19256.0
2008-11-18,13.0,20509.979,19112.0
2008-11-18,14.0,20868.357,18975.0
2008-11-18,15.0,20997.68,18794.0
2008-11-18,16.0,21065.13,18660.0
2008-11-18,17.0,21236.328,19017.0
2008-11-18,18.0,21361.664,20172.0
2008-11-18,19.0,21276.492,20607.0
2008-11-18,20.0,20861.887,20682.0
2008-11-18,21.0,20573.63,20420.0
2008-11-18,22.0,20227.496,20038.0
2008-11-18,23.0,18973.842,19229.0
2008-11-19,0.0,17699.82,18376.0
2008-11-19,1.0,16570.42,17845.0
2008-11-19,2.0,15851.632,17631.0
2008-11-19,3.0,15361.347,17585.0
2008-11-19,4.0,15124.5,17672.0
2008-11-19,5.0,15207.041,18087.0
2008-11-19,6.0,15786.357,18914.0
2008-11-19,7.0,16847.236,20392.0
2008-11-19,8.0,17701.992,21001.0
2008-11-19,9.0,18378.648,20757.0
2008-11-19,10.0,19127.69,20413.0
2008-11-19,11.0,19876.424,20099.0
2008-11-19,12.0,20513.281,19639.0
2008-11-19,13.0,21069.695,19476.0
2008-11-19,14.0,21495.066,19232.0
2008-11-19,15.0,21705.672,18970.0
2008-11-19,16.0,21759.713,18874.0
2008-11-19,17.0,22004.465,19066.0
2008-11-19,18.0,22106.344,19871.0
2008-11-19,19.0,22086.818,20203.0
2008-11-19,20.0,21594.05,20122.0
2008-11-19,21.0,21233.25,19884.0
2008-11-19,22.0,20889.953,19400.0
2008-11-19,23.0,19705.268,18337.0
2008-11-20,0.0,17328.99,17324.0
2008-11-20,1.0,16274.088,16627.0
2008-11-20,2.0,15609.915,16250.0
2008-11-20,3.0,15259.427,15957.0
2008-11-20,4.0,14992.87,15842.0
2008-11-20,5.0,15094.871,16120.0
2008-11-20,6.0,15632.803,17018.0
2008-11-20,7.0,16616.896,18506.0
2008-11-20,8.0,17472.51,19108.0
2008-11-20,9.0,17898.428,18931.0
2008-11-20,10.0,18320.734,18728.0
2008-11-20,11.0,18746.426,18723.0
2008-11-20,12.0,19025.79,18450.0
2008-11-20,13.0,19156.377,18336.0
2008-11-20,14.0,19298.85,18289.0
2008-11-20,15.0,19285.443,18132.0
2008-11-20,16.0,19283.271,18072.0
2008-11-20,17.0,19330.193,18446.0
2008-11-20,18.0,19574.012,19392.0
2008-11-20,19.0,19589.855,19710.0
2008-11-20,20.0,19302.926,19695.0
2008-11-20,21.0,19054.83,19629.0
2008-11-20,22.0,18847.275,19210.0
2008-11-20,23.0,17837.26,18360.0
2008-11-21,0.0,17457.914,17426.0
2008-11-21,1.0,16477.547,16832.0
2008-11-21,2.0,15952.986,16486.0
2008-11-21,3.0,15487.128,16402.0
2008-11-21,4.0,15353.338,16519.0
2008-11-21,5.0,15464.492,16808.0
2008-11-21,6.0,16113.516,17792.0
2008-11-21,7.0,17193.955,19187.0
2008-11-21,8.0,18080.725,19998.0
2008-11-21,9.0,18603.174,19877.0
2008-11-21,10.0,19098.445,19856.0
2008-11-21,11.0,19648.355,19762.0
2008-11-21,12.0,19956.088,19416.0
2008-11-21,13.0,20232.121,19145.0
2008-11-21,14.0,20352.793,19046.0
2008-11-21,15.0,20404.97,18827.0
2008-11-21,16.0,20421.795,18772.0
2008-11-21,17.0,20528.746,19080.0
2008-11-21,18.0,20724.535,19986.0
2008-11-21,19.0,20944.05,20430.0
2008-11-21,20.0,20569.63,20276.0
2008-11-21,21.0,20291.693,20242.0
2008-11-21,22.0,20063.604,19905.0
2008-11-21,23.0,19004.213,19240.0
2008-11-22,0.0,17574.672,18421.0
2008-11-22,1.0,16471.928,17816.0
2008-11-22,2.0,15802.303,17530.0
2008-11-22,3.0,15418.015,17471.0
2008-11-22,4.0,15198.078,17539.0
2008-11-22,5.0,15299.986,17723.0
2008-11-22,6.0,16027.675,18206.0
2008-11-22,7.0,17100.54,18864.0
2008-11-22,8.0,18039.28,19358.0
2008-11-22,9.0,18409.473,19678.0
2008-11-22,10.0,18834.566,19434.0
2008-11-22,11.0,19304.078,19077.0
2008-11-22,12.0,19615.16,18603.0
2008-11-22,13.0,19771.742,18139.0
2008-11-22,14.0,19874.857,17822.0
2008-11-22,15.0,19874.348,17592.0
2008-11-22,16.0,19824.979,17523.0
2008-11-22,17.0,19809.912,17782.0
2008-11-22,18.0,20036.719,18715.0
2008-11-22,19.0,20081.846,18927.0
2008-11-22,20.0,19844.912,18905.0
2008-11-22,21.0,19484.586,18761.0
2008-11-22,22.0,19263.102,18626.0
2008-11-22,23.0,18248.338,17869.0
2008-11-23,0.0,16988.188,17227.0
2008-11-23,1.0,15817.629,16679.0
2008-11-23,2.0,15034.34,16455.0
2008-11-23,3.0,14530.219,16431.0
2008-11-23,4.0,14238.184,16517.0
2008-11-23,5.0,14146.69,16683.0
2008-11-23,6.0,14477.93,17251.0
2008-11-23,7.0,15164.725,17799.0
2008-11-23,8.0,15773.42,18408.0
2008-11-23,9.0,16475.947,18650.0
2008-11-23,10.0,17114.29,18113.0
2008-11-23,11.0,17628.246,17442.0
2008-11-23,12.0,17996.547,16743.0
2008-11-23,13.0,18343.025,16295.0
2008-11-23,14.0,18498.984,15932.0
2008-11-23,15.0,18470.773,15544.0
2008-11-23,16.0,18459.422,15529.0
2008-11-23,17.0,18457.363,15909.0
2008-11-23,18.0,18656.867,17398.0
2008-11-23,19.0,18548.822,18017.0
2008-11-23,20.0,18126.637,18268.0
2008-11-23,21.0,17921.357,18302.0
2008-11-23,22.0,17807.43,17894.0
2008-11-23,23.0,16887.201,17302.0
2008-11-24,0.0,16743.715,16683.0
2008-11-24,1.0,15811.095,16250.0
2008-11-24,2.0,15225.169,16068.0
2008-11-24,3.0,14861.996,16078.0
2008-11-24,4.0,14726.2,16147.0
2008-11-24,5.0,14888.563,16580.0
2008-11-24,6.0,15509.352,17309.0
2008-11-24,7.0,16591.31,18868.0
2008-11-24,8.0,17403.584,19572.0
2008-11-24,9.0,18025.898,19557.0
2008-11-24,10.0,18523.475,19388.0
2008-11-24,11.0,19127.01,19305.0
2008-11-24,12.0,19520.596,19084.0
2008-11-24,13.0,19873.87,18870.0
2008-11-24,14.0,20132.684,18782.0
2008-11-24,15.0,20219.67,18437.0
2008-11-24,16.0,20141.945,18269.0
2008-11-24,17.0,20259.156,18491.0
2008-11-24,18.0,20513.182,19052.0
2008-11-24,19.0,20660.223,19123.0
2008-11-24,20.0,20301.148,18924.0
2008-11-24,21.0,20084.459,18671.0
2008-11-24,22.0,19762.861,18231.0
2008-11-24,23.0,18705.322,17357.0
2008-11-25,0.0,17634.383,16382.0
2008-11-25,1.0,16804.902,15858.0
2008-11-25,2.0,16363.717,15586.0
2008-11-25,3.0,16040.727,15559.0
2008-11-25,4.0,15967.819,15620.0
2008-11-25,5.0,16186.384,15889.0
2008-11-25,6.0,16862.678,16834.0
2008-11-25,7.0,18025.506,18346.0
2008-11-25,8.0,18860.402,19181.0
2008-11-25,9.0,19031.693,19010.0
2008-11-25,10.0,19163.322,19003.0
2008-11-25,11.0,19241.494,19054.0
2008-11-25,12.0,19066.334,18870.0
2008-11-25,13.0,19006.398,18784.0
2008-11-25,14.0,18897.713,18704.0
2008-11-25,15.0,18744.477,18569.0
2008-11-25,16.0,18537.348,18397.0
2008-11-25,17.0,18725.027,18674.0
2008-11-25,18.0,19115.107,19547.0
2008-11-25,19.0,19552.236,19780.0
2008-11-25,20.0,19505.127,19678.0
2008-11-25,21.0,19391.602,19440.0
2008-11-25,22.0,19073.053,19067.0
2008-11-25,23.0,18163.469,18013.0
2008-11-26,0.0,16894.389,17122.0
2008-11-26,1.0,15987.226,16499.0
2008-11-26,2.0,15416.248,16003.0
2008-11-26,3.0,14995.618,15999.0
2008-11-26,4.0,14861.466,16017.0
2008-11-26,5.0,14922.553,16331.0
2008-11-26,6.0,15578.912,16946.0
2008-11-26,7.0,16587.344,18211.0
2008-11-26,8.0,17415.705,19137.0
2008-11-26,9.0,17774.09,19199.0
2008-11-26,10.0,18151.697,18990.0
2008-11-26,11.0,18377.104,18759.0
2008-11-26,12.0,18481.379,18219.0
2008-11-26,13.0,18622.582,17782.0
2008-11-26,14.0,18577.027,17369.0
2008-11-26,15.0,18625.598,16976.0
2008-11-26,16.0,18476.992,16669.0
2008-11-26,17.0,18641.021,16872.0
2008-11-26,18.0,18876.885,17960.0
2008-11-26,19.0,18979.348,18491.0
2008-11-26,20.0,18803.059,18590.0
2008-11-26,21.0,18615.078,18580.0
2008-11-26,22.0,18325.969,18306.0
2008-11-26,23.0,17412.959,17640.0
2008-11-27,0.0,15908.63,16719.0
2008-11-27,1.0,14922.734,15999.0
2008-11-27,2.0,14310.127,15591.0
2008-11-27,3.0,13938.67,15572.0
2008-11-27,4.0,13727.903,15549.0
2008-11-27,5.0,13677.654,15627.0
2008-11-27,6.0,14012.131,15933.0
2008-11-27,7.0,14394.843,16381.0
2008-11-27,8.0,14929.557,16979.0
2008-11-27,9.0,15582.306,17310.0
2008-11-27,10.0,15969.266,17223.0
2008-11-27,11.0,16229.497,16895.0
2008-11-27,12.0,16207.154,16204.0
2008-11-27,13.0,16174.96,15058.0
2008-11-27,14.0,16174.452,13964.0
2008-11-27,15.0,15960.635,13246.0
2008-11-27,16.0,15978.705,12838.0
2008-11-27,17.0,16115.057,12899.0
2008-11-27,18.0,16437.75,13898.0
2008-11-27,19.0,16632.707,14523.0
2008-11-27,20.0,16515.12,14839.0
2008-11-27,21.0,16337.299,15048.0
2008-11-27,22.0,16091.28,15058.0
2008-11-27,23.0,15494.541,14739.0
2008-11-28,0.0,14466.104,14255.0
2008-11-28,1.0,13676.465,13847.0
2008-11-28,2.0,13164.578,13616.0
2008-11-28,3.0,12913.056,13635.0
2008-11-28,4.0,12730.737,13709.0
2008-11-28,5.0,12689.203,13956.0
2008-11-28,6.0,12949.215,14432.0
2008-11-28,7.0,13390.801,15046.0
2008-11-28,8.0,13915.936,15494.0
2008-11-28,9.0,14578.966,15780.0
2008-11-28,10.0,15121.487,15847.0
2008-11-28,11.0,15428.812,15684.0
2008-11-28,12.0,15683.165,15288.0
2008-11-28,13.0,15907.498,15021.0
2008-11-28,14.0,16059.948,14636.0
2008-11-28,15.0,16075.097,14585.0
2008-11-28,16.0,16257.145,14393.0
2008-11-28,17.0,16509.033,14714.0
2008-11-28,18.0,16911.098,15908.0
2008-11-28,19.0,17087.578,16371.0
2008-11-28,20.0,16955.455,16516.0
2008-11-28,21.0,16841.33,16436.0
2008-11-28,22.0,16506.393,16378.0
2008-11-28,23.0,15893.436,15837.0
2008-11-29,0.0,14573.55,15285.0
2008-11-29,1.0,13787.272,14808.0
2008-11-29,2.0,13364.47,14547.0
2008-11-29,3.0,13130.287,14507.0
2008-11-29,4.0,13038.7,14629.0
2008-11-29,5.0,13231.025,14717.0
2008-11-29,6.0,13858.995,15012.0
2008-11-29,7.0,15063.912,15497.0
2008-11-29,8.0,15822.6045,16088.0
2008-11-29,9.0,16092.4795,16556.0
2008-11-29,10.0,16295.964,16614.0
2008-11-29,11.0,16526.436,16520.0
2008-11-29,12.0,16572.219,16087.0
2008-11-29,13.0,16589.643,15636.0
2008-11-29,14.0,16684.639,15250.0
2008-11-29,15.0,16626.857,14953.0
2008-11-29,16.0,16554.113,14798.0
2008-11-29,17.0,16677.768,15151.0
2008-11-29,18.0,16891.742,16228.0
2008-11-29,19.0,17028.752,16730.0
2008-11-29,20.0,17052.875,16740.0
2008-11-29,21.0,17063.78,16735.0
2008-11-29,22.0,16786.828,16563.0
2008-11-29,23.0,15933.289,16114.0
2008-11-30,0.0,14828.548,15455.0
2008-11-30,1.0,13950.32,14765.0
2008-11-30,2.0,13493.841,14387.0
2008-11-30,3.0,13252.573,14152.0
2008-11-30,4.0,13139.7,14052.0
2008-11-30,5.0,13326.973,14109.0
2008-11-30,6.0,14042.143,14340.0
2008-11-30,7.0,15350.146,14742.0
2008-11-30,8.0,16196.5205,15459.0
2008-11-30,9.0,16479.004,15919.0
2008-11-30,10.0,16694.92,16397.0
2008-11-30,11.0,16961.113,16383.0
2008-11-30,12.0,17010.59,16540.0
2008-11-30,13.0,17115.523,16580.0
2008-11-30,14.0,17226.945,16394.0
2008-11-30,15.0,17168.557,16335.0
2008-11-30,16.0,17135.951,16364.0
2008-11-30,17.0,17247.127,16770.0
2008-11-30,18.0,17422.271,17592.0
2008-11-30,19.0,17414.01,17835.0
2008-11-30,20.0,17377.936,17649.0
2008-11-30,21.0,17424.967,17396.0
2008-11-30,22.0,17123.783,16880.0
2008-11-30,23.0,16223.503,16089.0
2008-12-01,0.0,15987.73,15509.0
2008-12-01,1.0,15174.922,15049.0
2008-12-01,2.0,14684.62,14698.0
2008-12-01,3.0,14419.57,14725.0
2008-12-01,4.0,14317.888,14732.0
2008-12-01,5.0,14579.943,15199.0
2008-12-01,6.0,15340.682,16314.0
2008-12-01,7.0,16639.844,17860.0
2008-12-01,8.0,17674.113,18820.0
2008-12-01,9.0,18107.744,18894.0
2008-12-01,10.0,18549.484,19010.0
2008-12-01,11.0,19029.303,19132.0
2008-12-01,12.0,19258.682,19052.0
2008-12-01,13.0,19544.99,18959.0
2008-12-01,14.0,19933.232,18847.0
2008-12-01,15.0,19933.656,18830.0
2008-12-01,16.0,19829.291,18682.0
2008-12-01,17.0,20007.537,19076.0
2008-12-01,18.0,20216.8,20137.0
2008-12-01,19.0,20284.707,20500.0
2008-12-01,20.0,20118.44,20410.0
2008-12-01,21.0,19952.416,20207.0
2008-12-01,22.0,19597.15,19660.0
2008-12-01,23.0,18533.889,18670.0
2008-12-02,0.0,17315.334,17692.0
2008-12-02,1.0,16326.264,16957.0
2008-12-02,2.0,15797.23,16671.0
2008-12-02,3.0,15467.277,16514.0
2008-12-02,4.0,15316.179,16539.0
2008-12-02,5.0,15473.713,16872.0
2008-12-02,6.0,16154.403,17807.0
2008-12-02,7.0,17401.055,19331.0
2008-12-02,8.0,18347.668,20160.0
2008-12-02,9.0,18870.432,20208.0
2008-12-02,10.0,19349.422,20080.0
2008-12-02,11.0,19865.402,19965.0
2008-12-02,12.0,20367.195,19695.0
2008-12-02,13.0,20693.486,19624.0
2008-12-02,14.0,21044.38,19450.0
2008-12-02,15.0,21139.95,19301.0
2008-12-02,16.0,21183.37,19223.0
2008-12-02,17.0,21341.89,19486.0
2008-12-02,18.0,21667.172,20490.0
2008-12-02,19.0,21762.111,20943.0
2008-12-02,20.0,21452.498,20911.0
2008-12-02,21.0,21136.826,20864.0
2008-12-02,22.0,20766.36,20541.0
2008-12-02,23.0,19651.227,19676.0
2008-12-03,0.0,17724.291,18704.0
2008-12-03,1.0,16668.473,18053.0
2008-12-03,2.0,15956.07,17635.0
2008-12-03,3.0,15600.032,17598.0
2008-12-03,4.0,15376.455,17691.0
2008-12-03,5.0,15501.327,18043.0
2008-12-03,6.0,16225.1455,19006.0
2008-12-03,7.0,17572.55,20579.0
2008-12-03,8.0,18425.436,21161.0
2008-12-03,9.0,18875.506,20763.0
2008-12-03,10.0,19249.553,20125.0
2008-12-03,11.0,19745.184,19449.0
2008-12-03,12.0,20104.402,18756.0
2008-12-03,13.0,20415.19,18285.0
2008-12-03,14.0,20511.035,18048.0
2008-12-03,15.0,20531.643,17724.0
2008-12-03,16.0,20450.271,17722.0
2008-12-03,17.0,20599.219,18132.0
2008-12-03,18.0,20802.898,19250.0
2008-12-03,19.0,20875.693,19630.0
2008-12-03,20.0,20542.352,19545.0
2008-12-03,21.0,20269.729,19379.0
2008-12-03,22.0,20011.16,19074.0
2008-12-03,23.0,18976.139,18084.0
2008-12-04,0.0,17433.762,16923.0
2008-12-04,1.0,16422.018,16100.0
2008-12-04,2.0,15808.315,15690.0
2008-12-04,3.0,15470.221,15409.0
2008-12-04,4.0,15278.375,15468.0
2008-12-04,5.0,15385.021,15801.0
2008-12-04,6.0,16071.387,16621.0
2008-12-04,7.0,17323.57,18295.0
2008-12-04,8.0,18163.676,19209.0
2008-12-04,9.0,18505.238,19150.0
2008-12-04,10.0,18864.996,19081.0
2008-12-04,11.0,19234.83,18872.0
2008-12-04,12.0,19399.908,18808.0
2008-12-04,13.0,19517.945,18669.0
2008-12-04,14.0,19604.238,18674.0
2008-12-04,15.0,19604.947,18544.0
2008-12-04,16.0,19499.29,18444.0
2008-12-04,17.0,19525.438,18762.0
2008-12-04,18.0,19769.135,19764.0
2008-12-04,19.0,19880.053,20201.0
2008-12-04,20.0,19616.143,20210.0
2008-12-04,21.0,19371.469,20134.0
2008-12-04,22.0,19118.936,19838.0
2008-12-04,23.0,18153.895,18919.0
2008-12-05,0.0,17761.232,17975.0
2008-12-05,1.0,16810.14,17260.0
2008-12-05,2.0,16190.196,17028.0
2008-12-05,3.0,15881.313,16875.0
2008-12-05,4.0,15727.315,16899.0
2008-12-05,5.0,15908.268,17216.0
2008-12-05,6.0,16648.943,18274.0
2008-12-05,7.0,17878.777,19910.0
2008-12-05,8.0,18855.15,20839.0
2008-12-05,9.0,19312.752,20804.0
2008-12-05,10.0,19796.197,20526.0
2008-12-05,11.0,20280.275,20357.0
2008-12-05,12.0,20610.783,19977.0
2008-12-05,13.0,20804.707,19686.0
2008-12-05,14.0,20997.896,19433.0
2008-12-05,15.0,21001.959,19113.0
2008-12-05,16.0,20926.076,18910.0
2008-12-05,17.0,21029.27,19321.0
2008-12-05,18.0,21308.336,20534.0
2008-12-05,19.0,21538.475,20960.0
2008-12-05,20.0,21172.041,20990.0
2008-12-05,21.0,20905.156,21029.0
2008-12-05,22.0,20599.365,20827.0
2008-12-05,23.0,19594.541,20232.0
2008-12-06,0.0,18054.361,19424.0
2008-12-06,1.0,17073.219,18728.0
2008-12-06,2.0,16479.44,18292.0
2008-12-06,3.0,16121.637,18172.0
2008-12-06,4.0,15929.844,18081.0
2008-12-06,5.0,16088.527,18132.0
2008-12-06,6.0,16760.818,18467.0
2008-12-06,7.0,17920.717,18965.0
2008-12-06,8.0,18844.068,19619.0
2008-12-06,9.0,19242.611,19953.0
2008-12-06,10.0,19736.781,20191.0
2008-12-06,11.0,20268.742,20152.0
2008-12-06,12.0,20599.094,20001.0
2008-12-06,13.0,20813.049,19665.0
2008-12-06,14.0,21038.879,19486.0
2008-12-06,15.0,21027.434,19347.0
2008-12-06,16.0,20938.543,19158.0
2008-12-06,17.0,21076.53,19392.0
2008-12-06,18.0,21386.209,20221.0
2008-12-06,19.0,21439.314,20277.0
2008-12-06,20.0,21119.486,19991.0
2008-12-06,21.0,20759.174,19725.0
2008-12-06,22.0,20457.555,19255.0
2008-12-06,23.0,19378.56,18556.0
2008-12-07,0.0,17711.967,17842.0
2008-12-07,1.0,16567.205,17183.0
2008-12-07,2.0,15823.445,16823.0
2008-12-07,3.0,15434.2705,16639.0
2008-12-07,4.0,15061.426,16577.0
2008-12-07,5.0,15132.813,16676.0
2008-12-07,6.0,15530.409,16957.0
2008-12-07,7.0,16463.36,17572.0
2008-12-07,8.0,17157.682,18063.0
2008-12-07,9.0,17905.883,18594.0
2008-12-07,10.0,18399.182,18811.0
2008-12-07,11.0,19210.412,18691.0
2008-12-07,12.0,19613.828,18378.0
2008-12-07,13.0,19886.662,18136.0
2008-12-07,14.0,20194.299,17882.0
2008-12-07,15.0,20311.264,17660.0
2008-12-07,16.0,20252.336,17695.0
2008-12-07,17.0,20428.709,18372.0
2008-12-07,18.0,20534.156,19875.0
2008-12-07,19.0,20461.889,20582.0
2008-12-07,20.0,20075.416,20829.0
2008-12-07,21.0,19650.674,20673.0
2008-12-07,22.0,19392.021,20255.0
2008-12-07,23.0,18399.61,19478.0
2008-12-08,0.0,18206.303,18908.0
2008-12-08,1.0,17546.541,18328.0
2008-12-08,2.0,17346.861,18136.0
2008-12-08,3.0,17201.367,18106.0
2008-12-08,4.0,17268.002,18153.0
2008-12-08,5.0,17546.527,18409.0
2008-12-08,6.0,18395.096,19271.0
2008-12-08,7.0,19762.367,20466.0
2008-12-08,8.0,20638.625,21058.0
2008-12-08,9.0,20738.975,20864.0
2008-12-08,10.0,20699.98,20911.0
2008-12-08,11.0,20638.465,20565.0
2008-12-08,12.0,20414.783,20114.0
2008-12-08,13.0,20249.822,19668.0
2008-12-08,14.0,20148.445,19288.0
2008-12-08,15.0,19933.078,18981.0
2008-12-08,16.0,19873.404,18642.0
2008-12-08,17.0,20079.297,18878.0
2008-12-08,18.0,20713.062,20058.0
2008-12-08,19.0,21365.662,20380.0
2008-12-08,20.0,21504.002,20412.0
2008-12-08,21.0,21346.37,20202.0
2008-12-08,22.0,20893.932,19752.0
2008-12-08,23.0,20032.84,18805.0
